{"cameraMode":{"drawMode":0,"name":"Shaded","section":"Shading Mode"},"sceneLighting":true,"audioPlay":false,"sceneViewState":{"showFog":true,"showMaterialUpdate":false,"showSkybox":true,"showFlares":true,"showImageEffects":true,"showParticleSystems":true},"in2DMode":false,"pivot":{"x":74.60533142089844,"y":287.9409484863281,"z":169.21469116210938},"rotation":{"x":-0.4675590693950653,"y":-0.033379845321178439,"z":0.01767141744494438,"w":-0.8831546306610107},"size":67.30054473876953,"orthographic":false}