{"cameraMode":{"drawMode":0,"name":"Shaded","section":"Shading Mode"},"sceneLighting":false,"audioPlay":false,"sceneViewState":{"showFog":true,"showMaterialUpdate":false,"showSkybox":true,"showFlares":true,"showImageEffects":true,"showParticleSystems":true},"in2DMode":false,"pivot":{"x":746.0797119140625,"y":-385.9589538574219,"z":379.7464904785156},"rotation":{"x":0.28311267495155337,"y":0.5968835353851318,"z":-0.23725004494190217,"w":0.7122427225112915},"size":1265.3216552734375,"orthographic":false}